File name,Tank,Fish ID,Date,Time,Observer,Recorder,Time Period,Bin,Activity,Exploration,Freeze,Unfreeze,Plant,Open,Freeze in Plant,Freeze in Open,Edge,Away From Edge,Looking,Reaction
04-078_E1_after,04-078,E1,04/04/18,1045,JCK,GZ,after,0,15,9,87897,212100,4436,295560,0,87896,109145,190853,8718,jerky swim / freeze
04-078_E1_after,04-078,E1,04/04/18,1045,JCK,GZ,after,1,32,9,99577,199467,11667,287377,0,99577,140961,158083,4344,jerky swim / freeze
04-078_E3_after,04-078,E3,04/06/18,1019,AM,KJ,after,0,5,4,211819,83246,244860,51451,211819,0,15019,109563,4960,none
04-078_E3_after,04-078,E3,04/06/18,1019,AM,KJ,after,1,9,4,149257,150743,221212,78788,149257,0,857,299143,8144,none
04-078_E4_after,04-078,E4,04/06/18,1048,AM,KJ,after,0,1,1,297060,0,297061,0,297060,0,0,0,0,none
04-078_E4_after,04-078,E4,04/06/18,1048,AM,KJ,after,1,1,1,296486,0,296486,0,296486,0,0,0,0,none
04-078_E5_after,04-078,E5,04/06/18,1143,KJ,AM,after,0,1,1,216994,83004,295942,4057,216994,0,0,299997,0,none
04-078_E5_after,04-078,E5,04/06/18,1143,KJ,AM,after,1,2,2,278896,13570,247594,44872,245181,33715,29272,263194,4172,none
04-078_E6_after,04-078,E6,04/06/18,1214,KJ,AM,after,0,1,1,295659,4337,296215,3782,295659,0,0,299999,0,None
04-078_E6_after,04-078,E6,04/06/18,1214,KJ,AM,after,1,2,2,261932,30470,146655,145747,145999,115933,0,292402,50753,None
04-078_E7_after,04-078,E7,04/06/18,1529,SR,GZ,after,0,1,1,175742,124254,299998,0,175742,0,0,299997,0,none
04-078_E7_after,04-078,E7,04/06/18,1529,SR,GZ,after,1,2,2,30433,269567,203233,96767,13672,16761,89258,210742,0,none
04-078_E8_after,04-078,E8,04/06/18,1556,GZ,SR,after,0,1,1,227287,72710,299998,0,227287,0,0,299996,0,none
04-078_E8_after,04-078,E8,04/06/18,1556,GZ,SR,after,1,1,1,234108,57672,291780,0,234108,0,0,291780,0,none
05-085_E1_after,05-085,E1,03/26/18,1637,AF , BF,after,0,1,1,299996,0,299998,0,299996,0,0,299997,0,none
05-085_E1_after,05-085,E1,03/26/18,1637,AF , BF,after,1,1,1,3e+05,0,3e+05,0,3e+05,0,0,3e+05,0,none
05-085_E2_after,05-085,E2,03/27/18,1717,AP,SR,after,0,1,1,1,0,2,0,1,0,0,4,0,Freeze
05-085_E2_after,05-085,E2,03/27/18,1717,AP,SR,after,1,,,,,,,,,,,,Freeze
05-085_E3_after,05-085,E3,03/28/18,1020,GZ,JCK,after,0,1,1,275714,24283,285687,14311,275714,0,2644,297352,0,none
05-085_E3_after,05-085,E3,03/28/18,1020,GZ,JCK,after,1,1,1,3e+05,0,3e+05,0,3e+05,0,0,3e+05,0,none
05-085_E4_after,05-085,E4,03/28/18,1055,JCK,GZ,after,0,1,1,296600,3396,299998,0,296600,0,0,299997,0,jerky swim / freeze
05-085_E4_after,05-085,E4,03/28/18,1055,JCK,GZ,after,1,1,1,3e+05,0,3e+05,0,3e+05,0,0,3e+05,0,jerky swim / freeze
05-085_E5_after,05-085,E5,03/30/18,1644,SR,GZ,after,0,1,1,271934,28064,299997,0,271933,0,0,299996,0,none
05-085_E5_after,05-085,E5,03/30/18,1644,SR,GZ,after,1,1,1,3e+05,0,3e+05,0,3e+05,0,0,3e+05,0,none
05-085_E6_after,05-085,E6,03/30/18,1739,SR,GZ,after,0,1,1,275524,24473,299998,0,275524,0,0,299996,0,none
05-085_E6_after,05-085,E6,03/30/18,1739,SR,GZ,after,1,16,9,194302,105330,229668,69964,194302,0,39060,260572,1105,none
05-085_E7_after,05-085,E7,04/02/18,1640,BF,AF ,after,0,1,1,299996,0,299998,0,299996,0,0,299997,0,none
05-085_E7_after,05-085,E7,04/02/18,1640,BF,AF ,after,1,1,1,298062,1938,3e+05,0,298062,0,0,3e+05,0,none
05-085_E8_after,05-085,E8,04/03/18,1435,BF , AF,after,0,1,1,288841,11153,299992,0,288839,0,0,299993,0,none
05-085_E8_after,05-085,E8,04/03/18,1435,BF , AF,after,1,1,1,293447,6553,3e+05,0,293447,0,0,3e+05,0,none
07-081_E1_after,07-081,E1,04/02/18,1144,AF , BF,after,0,1,1,299996,0,299998,0,299996,0,0,299997,0,fast start / plant 
07-081_E1_after,07-081,E1,04/02/18,1144,AF , BF,after,1,1,1,3e+05,0,3e+05,0,3e+05,0,0,3e+05,0,fast start / plant 
07-081_E2_after,07-081,E2,04/02/18,1514,AF,BF ,after,0,12,6,180566,119430,0,299997,0,180566,0,299998,26186,freeze
07-081_E2_after,07-081,E2,04/02/18,1514,AF,BF ,after,1,4,4,90901,209099,0,3e+05,0,90901,18800,281200,9099,freeze
07-081_E3_after,07-081,E3,04/02/18,1545,BF,AF ,after,0,7,4,212584,87414,59612,240385,53691,158892,23423,276573,0,none
07-081_E3_after,07-081,E3,04/02/18,1545,BF,AF ,after,1,1,1,294582,5418,0,3e+05,0,294582,3e+05,0,0,none
07-081_E4_after,07-081,E4,04/03/18,1316,BF , AF,after,0,1,1,297798,2199,299998,0,297798,0,0,299996,0,none
07-081_E4_after,07-081,E4,04/03/18,1316,BF , AF,after,1,1,1,289223,10777,3e+05,0,289223,0,0,3e+05,0,none
07-081_E5_after,07-081,E5,04/03/18,1345,AF , BF,after,0,1,1,299997,0,0,299996,0,299996,299998,0,0,none
07-081_E5_after,07-081,E5,04/03/18,1345,AF , BF,after,1,7,6,286020,13980,41725,258275,36737,249283,249692,50308,3330,none
07-081_E6_after,07-081,E6,03/03/18,1525,AP,SR,after,0,4,3,282467,17530,293968,6030,282467,0,2062,297934,0,freeze
07-081_E6_after,07-081,E6,03/03/18,1525,AP,SR,after,1,1,1,211888,82220,262479,31629,205690,6198,0,294108,0,freeze
07-081_E7_after,07-081,E7,03/03/18,1554,SR,AP,after,0,1,1,227722,72275,0,299996,0,227721,250792,49206,188067,jerky swim
07-081_E7_after,07-081,E7,03/03/18,1554,SR,AP,after,1,10,5,103112,190948,0,294060,0,103112,275138,18922,0,jerky swim
07-081_E8_after,07-081,E8,04/04/18,1019,JCK,GZ,after,0,10,4,60998,238999,0,299996,0,60998,220165,79833,0,jerky swim
07-081_E8_after,07-081,E8,04/04/18,1019,JCK,GZ,after,1,15,8,0,3e+05,10864,289136,0,0,233860,66140,8360,jerky swim
11-082_E1_after,11-082,E1,03/29/18,1522,AP,GZ,after,0,33,8,71402,228595,22128,277868,0,71401,133495,166503,0,Freeze
11-082_E1_after,11-082,E1,03/29/18,1522,AP,GZ,after,1,9,6,156083,143667,42190,257560,0,156083,159600,140150,16058,Freeze
11-082_E2_after,11-082,E2,03/29/18,1601,SZ,AP,after,0,1,1,299997,0,299998,0,299997,0,0,299996,0,Freeze
11-082_E2_after,11-082,E2,03/29/18,1601,SZ,AP,after,1,1,1,287422,6429,293851,0,287422,0,0,293851,0,Freeze
11-082_E3_after,11-082,E3,03/30/18,1015,AM,KJ,after,0,1,1,287676,12319,187325,112671,180839,106837,0,299997,140917,none (frozen)
11-082_E3_after,11-082,E3,03/30/18,1015,AM,KJ,after,1,4,3,273395,26605,0,3e+05,0,273395,61891,238109,0,none (frozen)
11-082_E4_after,11-082,E4,03/30/18,1041,AM,KJ,after,0,3,2,273687,24959,267301,31346,266208,7479,9339,289306,4649,none
11-082_E4_after,11-082,E4,03/30/18,1041,AM,KJ,after,1,10,4,233963,66037,93027,206973,92221,141742,104876,195124,561,none
11-082_E5_after,11-082,E5,03/30/20,1141,AM,,after,0,1,1,280566,19432,0,299997,0,280566,292899,7100,0,None
11-082_E5_after,11-082,E5,03/30/20,1141,AM,,after,1,1,1,233881,46666,0,280547,0,233881,170093,110454,0,None
11-082_E6_after,11-082,E6,03/30/20,1211,AM,,after,0,5,5,180708,119289,171825,128174,81252,99456,117458,182540,0,None
11-082_E6_after,11-082,E6,03/30/20,1211,AM,,after,1,9,7,150192,122250,234163,38279,141927,8265,147793,124649,0,None
11-082_E7_after,11-082,E7,03/30/18,1518,SR,GZ,after,0,1,1,299996,0,299997,0,299996,0,0,299998,0,freeze
11-082_E7_after,11-082,E7,03/30/18,1518,SR,GZ,after,1,4,3,86409,213591,238977,61023,86409,0,27639,272361,0,freeze
11-082_E8_after,11-082,E8,03/30/18,1557,GZ,SR,after,0,1,1,299998,0,299996,0,299996,0,0,299997,0,None
11-082_E8_after,11-082,E8,03/30/18,1557,GZ,SR,after,1,1,1,293379,0,293379,0,293379,0,0,293379,0,None
11-082_E9_after,11-082,E9,04/02/18,1119,BF , AF,after,0,1,1,299998,0,299997,0,299997,0,0,299996,0,none
11-082_E9_after,11-082,E9,04/02/18,1119,BF , AF,after,1,1,1,293099,6901,101523,198477,96465,196634,0,3e+05,0,none
17-095_E1_after,17-095,E1,04/24/18,1311,BF , AF,after,0,1,1,297220,2777,299998,0,297220,0,0,299996,9280,none
17-095_E1_after,17-095,E1,04/24/18,1311,BF , AF,after,1,3,2,224052,75948,268304,31696,219280,4772,0,3e+05,0,none
17-095_E2_after,17-095,E2,04/24/18,1325,AF , BF,after,0,8,6,118034,180963,160640,138358,97813,20221,60251,238745,31850,none
17-095_E2_after,17-095,E2,04/24/18,1325,AF , BF,after,1,10,8,115899,184101,41473,258527,0,115899,90858,209142,0,none
17-095_E3_after,17-095,E3,04/24/18,1515,SR,AP,after,0,5,4,67683,232314,272999,26999,67683,0,0,299996,0,none
17-095_E3_after,17-095,E3,04/24/18,1515,SR,AP,after,1,1,1,202000,93800,295800,0,202000,0,0,295800,0,none
17-095_E4_after,17-095,E4,04/24/18,1544,AP,SR,after,0,1,1,283225,16772,299998,0,283225,0,0,299996,0,Freeze
17-095_E4_after,17-095,E4,04/24/18,1544,AP,SR,after,1,1,1,292825,0,292825,0,292825,0,0,292825,0,Freeze
17-095_E5_after,17-095,E5,04/26/18,1521,AP,GZ,after,0,1,1,283545,16453,299997,0,283544,0,0,299996,0,freeze
17-095_E5_after,17-095,E5,04/26/18,1521,AP,GZ,after,1,1,1,162447,136924,296306,3065,162447,0,0,299371,0,freeze
17-095_E6_after,17-095,E6,04/26/18,1549,GZ,AP,after,0,14,4,62838,237159,74858,225137,0,62836,177628,122370,42146,freeze
17-095_E6_after,17-095,E6,04/26/18,1549,GZ,AP,after,1,16,5,0,291903,70878,221025,0,0,58811,233092,0,freeze
17-095_E7_after,17-095,E7,04/27/18,1020,AM,KJ,after,0,24,8,29328,269329,34053,264605,12439,16889,34705,263951,3676,none
17-095_E7_after,17-095,E7,04/27/18,1020,AM,KJ,after,1,21,8,38156,261844,38905,261095,31427,6729,79079,220921,0,none
17-095_E8_after,17-095,E8,04/27/18,1045,AM,KJ,after,0,1,1,298659,0,298661,0,298659,0,0,298660,0,none
17-095_E8_after,17-095,E8,04/27/18,1045,AM,KJ,after,1,1,1,279859,0,279859,0,279859,0,0,279859,0,none
19-093_E1_after,19-093,E1,04/16/18,1513,AF , BF ,after,0,10,6,138176,161821,0,299996,0,138175,277424,22574,0,fast start
19-093_E1_after,19-093,E1,04/16/18,1513,AF , BF ,after,1,11,7,197349,102651,0,3e+05,0,197349,195432,104568,10717,fast start
19-093_E2_after,19-093,E2,04/16/18,1540,BF , AF ,after,0,9,8,119585,180413,92909,207087,86315,33268,81362,218635,2529,none
19-093_E2_after,19-093,E2,04/16/18,1540,BF , AF ,after,1,5,5,185977,114023,127732,172268,118981,66996,39736,260264,2477,none
19-093_E3_after,19-093,E3,04/17/18,1529,AP,SR,after,0,1,1,277381,22616,299998,0,277381,0,0,299996,0,none
19-093_E3_after,19-093,E3,04/17/18,1529,AP,SR,after,1,1,1,257200,36783,293983,0,257200,0,0,293983,0,none
19-093_E4_after,19-093,E4,04/17/18,1554,SR,AP,after,0,1,1,260943,39054,242869,57129,242125,18818,56040,243956,0,jerky swim
19-093_E4_after,19-093,E4,04/17/18,1554,SR,AP,after,1,2,2,155376,141850,236816,60410,151706,3670,21292,275934,0,jerky swim
19-093_E5_after,19-093,E5,04/19/18,1519,AP,GZ,after,0,7,7,114872,185126,95223,204774,28020,86851,103333,196663,2698,jerky swim
19-093_E5_after,19-093,E5,04/19/18,1519,AP,GZ,after,1,11,5,147622,150579,0,298201,0,147622,181994,116207,5497,jerky swim
19-093_E6_after,19-093,E6,04/23/18,1118,AF,BF,after,0,1,1,269788,30210,0,299996,0,269786,299997,0,0,fast start 
19-093_E6_after,19-093,E6,04/23/18,1118,AF,BF,after,1,1,1,230014,69986,0,3e+05,0,230014,3e+05,0,0,fast start 
19-093_E7_after,19-093,E7,04/23/18,1146,AF,BF,after,0,12,6,69135,230863,50698,249299,45658,23476,89646,210350,16005,none
19-093_E7_after,19-093,E7,04/23/18,1146,AF,BF,after,1,11,5,41419,258581,4288,295712,0,41419,178825,121175,15147,none
19-093_E8_after,19-093,E8,04/23/18,1508,AF,BF,after,0,3,2,232340,67658,0,299997,0,232339,82292,217704,0,fast start
19-093_E8_after,19-093,E8,04/23/18,1508,AF,BF,after,1,6,4,191106,108894,0,3e+05,0,191106,97779,202221,0,fast start
20-091_E1_after,20-091,E1,05/08/18,1022,JCK,RZ,after,0,8,5,172796,127200,185815,114183,133810,38986,79284,220713,0,other swim / freeze
20-091_E1_after,20-091,E1,05/08/18,1022,JCK,RZ,after,1,5,3,201620,98380,115122,184878,89484,112136,43486,256514,834,other swim / freeze
20-091_E2_after,20-091,E2,05/08/18,1049,JCK,RZ,after,0,1,1,127875,172121,0,299998,0,127875,202268,97729,0,none
20-091_E2_after,20-091,E2,05/08/18,1049,JCK,RZ,after,1,3,2,153126,146874,182594,117406,86955,66171,101010,198990,0,none
20-091_E3_after,20-091,E3,05/08/18,1455,JCK,JCK,after,0,45,8,42365,257631,0,299997,0,42365,289022,10976,0,jerky swim / freeze
20-091_E3_after,20-091,E3,05/08/18,1455,JCK,JCK,after,1,27,8,149230,150770,0,3e+05,0,149230,274461,25539,0,jerky swim / freeze
20-091_E4_after,20-091,E4,05/08/18,1523,JCK,JCK,after,0,2,2,243239,56758,295501,4497,243239,0,0,299996,737,other swim / plant / freeze
20-091_E4_after,20-091,E4,05/08/18,1523,JCK,JCK,after,1,1,1,266520,33480,3e+05,0,266520,0,0,3e+05,0,other swim / plant / freeze
20-091_E5_after,20-091,E5,05/09/18,1020,JCK,RZ,after,0,10,6,48312,251685,117249,182749,46662,1650,104027,195969,4483,other swim / plant
20-091_E5_after,20-091,E5,05/09/18,1020,JCK,RZ,after,1,14,8,76332,223668,5890,294110,0,76332,218826,81174,5325,other swim / plant
20-091_E6_after,20-091,E6,05/09/18,1049,JCK,RZ,after,0,1,1,252940,47058,299999,0,252940,0,0,299997,0,other swim / plant / freeze
20-091_E6_after,20-091,E6,05/09/18,1049,JCK,RZ,after,1,1,1,270098,29902,3e+05,0,270098,0,0,3e+05,0,other swim / plant / freeze
20-091_E7_after,20-091,E7,05/09/18,1504,JCK,JCK,after,0,4,2,237266,62731,259089,40907,232536,4730,20101,279897,0,other swim
20-091_E7_after,20-091,E7,05/09/18,1504,JCK,JCK,after,1,1,1,3e+05,0,3e+05,0,3e+05,0,0,3e+05,0,other swim
20-091_E8_after,20-091,E8,05/09/18,1532,JCK,JCK,after,0,1,1,299996,0,299998,0,299996,0,0,299997,0,none
20-091_E8_after,20-091,E8,05/09/18,1532,JCK,JCK,after,1,1,1,3e+05,0,3e+05,0,3e+05,0,0,3e+05,0,none
22-095_E1_after,22-095,E1,04/12/18,1529,AP,GZ,after,0,5,4,146467,153529,271916,28082,146467,0,21529,278468,15634,fast start
22-095_E1_after,22-095,E1,04/12/18,1529,AP,GZ,after,1,1,1,242090,57910,3e+05,0,242090,0,0,3e+05,0,fast start
22-095_E2_after,22-095,E2,04/12/18,1550,GZ,AP,after,0,4,2,139323,160674,191515,108483,96573,42750,39936,260060,0,none
22-095_E2_after,22-095,E2,04/12/18,1550,GZ,AP,after,1,1,1,286476,7502,293978,0,286476,0,0,293978,0,none
22-095_E3_after,22-095,E3,04/13/20,1048,AM,JK,after,0,2,2,279074,20923,254455,45541,235645,43428,44703,255295,0,Jerky Swim/Freeze
22-095_E3_after,22-095,E3,04/13/20,1048,AM,JK,after,1,1,1,289975,0,289975,0,289975,0,0,289975,0,Jerky Swim/Freeze
22-095_E4_after,22-095,E4,04/13/18,1116,AM,JCK,after,0,1,1,299997,0,299998,0,299997,0,0,299996,0,jerky swim / freeze
22-095_E4_after,22-095,E4,04/13/18,1116,AM,JCK,after,1,6,4,290646,9354,212720,87280,212479,78167,85874,214126,0,jerky swim / freeze
22-095_E5_after,22-095,E5,04/13/18,1515,GZ,SR,after,0,3,3,145700,154297,284984,15014,145700,0,0,299996,7367,none
22-095_E5_after,22-095,E5,04/13/18,1515,GZ,SR,after,1,1,1,153064,139719,272435,20348,153064,0,0,292783,0,none
22-095_E6_after,22-095,E6,04/13/18,1545,SR,GZ,after,0,1,1,126277,168930,295209,0,126277,0,0,295208,0,none
22-095_E6_after,22-095,E6,04/13/18,1545,SR,GZ,after,1,3,2,10060,289940,291560,8440,10060,0,0,3e+05,0,none
22-095_E7_after,22-095,E7,04/16/18,1115,BF , AF,after,0,10,4,192664,107333,197907,102091,153550,39114,44502,255494,2292,none
22-095_E7_after,22-095,E7,04/16/18,1115,BF , AF,after,1,3,3,281560,18440,188209,111791,182756,98804,102501,197499,0,none
22-095_E8_after,22-095,E8,04/16/18,1140,AF , BF,after,0,7,7,130446,169551,86873,213123,62620,67825,120642,179356,9974,none
22-095_E8_after,22-095,E8,04/16/18,1140,AF , BF,after,1,16,8,44229,255771,82307,217693,12972,31257,156857,143143,5986,none
25-081_E1_after,25-081,E1,04/09/18,1120,BF , AF,after,0,1,1,267377,32620,190842,109154,177190,90186,47996,252002,0,none
25-081_E1_after,25-081,E1,04/09/18,1120,BF , AF,after,1,1,1,297831,2169,167935,132065,167314,130517,131581,168419,0,none
25-081_E2_after,25-081,E2,04/09/18,1146,AF , BF,after,0,1,1,267821,32176,299998,0,267821,0,0,299996,0,none
25-081_E2_after,25-081,E2,04/09/18,1146,AF , BF,after,1,3,3,223117,76883,293095,6905,223117,0,0,3e+05,0,none
25-081_E3_after,25-081,E3,04/09/18,1512,AF,BF,after,0,37,9,24162,275836,62009,237988,3412,20749,124677,175319,7239,freeze / fast start
25-081_E3_after,25-081,E3,04/09/18,1512,AF,BF,after,1,24,8,15529,284471,0,3e+05,0,15529,149252,150748,0,freeze / fast start
25-081_E4_after,25-081,E4,04/09/18,1539,BF,AF,after,0,46,9,92122,207876,13933,286063,12189,79931,162782,137215,14513,fast start / freeze
25-081_E4_after,25-081,E4,04/09/18,1539,BF,AF,after,1,35,8,113091,186909,0,3e+05,0,113091,245919,54081,6861,fast start / freeze
25-081_E5_after,25-081,E5,04/10/18,1322,BF , AF,after,0,10,5,160275,139722,179709,120289,156627,3648,47651,252345,0,jerky swim
25-081_E5_after,25-081,E5,04/10/18,1322,BF , AF,after,1,7,5,217280,82720,96583,203417,67956,149324,183962,116038,535,jerky swim
25-081_E6_after,25-081,E6,04/10/18,1347,AF , BF,after,0,7,5,250667,49330,201959,98039,162629,88038,93100,206896,31747,none
25-081_E6_after,25-081,E6,04/10/18,1347,AF , BF,after,1,5,3,294554,5446,289906,10094,289455,5099,8427,291573,0,none
25-081_E7_after,25-081,E7,04/10/18,1524,AP,SR,after,0,28,9,46728,253269,0,299996,0,46727,297761,2237,1767,Jerky swim
25-081_E7_after,25-081,E7,04/10/18,1524,AP,SR,after,1,27,8,6000,294000,0,3e+05,0,6000,3e+05,0,0,Jerky swim
25-081_E8_after,25-081,E8,04/10/18,1614,SR,AP,after,0,29,5,68728,231269,0,299995,0,68728,252179,47819,0,jerky swim
25-081_E8_after,25-081,E8,04/10/18,1614,SR,AP,after,1,49,8,41652,256394,10375,287671,0,41652,272530,25516,4329,jerky swim
26-077_E1_after,26-077,E1,03/26/18,1121,AF, BF,after,0,1,1,118943,181045,275711,24288,95895,23048,0,299998,0,freeze
26-077_E1_after,26-077,E1,03/26/18,1121,AF, BF,after,1,1,1,275494,24506,3e+05,0,275494,0,0,3e+05,0,freeze
26-077_E2_after,26-077,E2,03/26/18,1153,AF, BF,after,0,19,8,99005,200992,81415,218583,53166,45839,68841,231155,4480,jerky swim
26-077_E2_after,26-077,E2,03/26/18,1153,AF, BF,after,1,37,8,499,299501,0,3e+05,0,499,204735,95265,0,jerky swim
26-077_E3_after,26-077,E3,03/26/18,1506,AF , BF,after,0,1,1,299997,0,299998,0,299997,0,0,299996,0,jerky swim
26-077_E3_after,26-077,E3,03/26/18,1506,AF , BF,after,1,1,1,3e+05,0,3e+05,0,3e+05,0,0,3e+05,0,jerky swim
26-077_E4_after,26-077,E4,03/26/18,1531,AF , BF,after,0,1,1,299997,0,0,299996,0,299996,299998,0,0,none
26-077_E4_after,26-077,E4,03/26/18,1531,AF , BF,after,1,1,1,3e+05,0,0,3e+05,0,3e+05,3e+05,0,0,none
26-077_E5_after,26-077,E5,03/27/18,1316,AF,BF,after,0,1,1,295428,4569,0,299900,0,295331,299998,0,0,fast start / freeze 
26-077_E5_after,26-077,E5,03/27/18,1316,AF,BF,after,1,3,3,186419,113581,0,3e+05,0,186419,103318,196682,0,fast start / freeze 
26-077_E6_after,26-077,E6,03/27/18,1343,AF,BF,after,0,2,2,289023,10974,262362,37634,261628,27394,23899,276099,0,jerky swim / freeze
26-077_E6_after,26-077,E6,03/27/18,1343,AF,BF,after,1,6,4,276846,23154,43927,256073,41828,235018,248415,51585,0,jerky swim / freeze
26-077_E7_after,26-077,E7,03/27/18,1516,AP,SR,after,0,9,4,135292,164705,189655,110341,99659,35632,64066,235932,12456,freeze
26-077_E7_after,26-077,E7,03/27/18,1516,AP,SR,after,1,14,8,79613,213128,106842,185899,66258,13355,132324,160417,0,freeze
26-077_E8_after,26-077,E8,03/27/18,1553,SR,AP,after,0,7,4,64568,230735,262161,33143,64568,0,21144,274157,0,freeze
26-077_E8_after,26-077,E8,03/27/18,1553,SR,AP,after,1,23,8,28862,270187,67034,232015,28862,0,206033,93016,0,freeze
27-002_E10_after,27-002,E10,03/12/18,1207,AF , BF,after,0,4,4,262677,37321,210048,89949,209286,53390,13544,286452,0,freeze
27-002_E10_after,27-002,E10,03/12/18,1207,AF , BF,after,1,29,9,101612,196490,12750,285352,0,101612,168613,129489,0,freeze
27-002_E11_after,27-002,E11,03/12/18,1533,AF , BF,after,0,1,1,222686,77313,61042,238954,37635,185048,0,299997,0,none
27-002_E11_after,27-002,E11,03/12/18,1533,AF , BF,after,1,1,1,271528,28472,3e+05,0,271528,0,0,3e+05,0,none
27-002_E12_after,27-002,E12,03/12/18,1613,AF , BF,after,0,9,8,157834,142163,211191,88807,121822,36012,66519,233477,4444,none
27-002_E12_after,27-002,E12,03/12/18,1613,AF , BF,after,1,38,8,8537,291463,0,3e+05,0,8537,285145,14855,0,none
27-002_E13_after,27-002,E13,3/13/18,1328,AF,BF,after,0,1,1,295043,0,296534,0,295043,0,0,294208,0,none
27-002_E13_after,27-002,E13,3/13/18,1328,AF,BF,after,1,1,1,3e+05,0,3e+05,0,3e+05,0,0,3e+05,0,none
27-002_E14_after,27-002,E14,3/13/18,1353,AF,BF,after,0,17,8,51944,248053,6730,293266,0,51943,186462,113536,0,none
27-002_E14_after,27-002,E14,3/13/18,1353,AF,BF,after,1,30,8,4841,295159,0,3e+05,0,4841,267493,32507,872,none
27-002_E9_after,27-002,E9,03/12/18,1137,AF , BF,after,0,1,1,299997,0,0,299996,0,299996,299999,0,0,none
27-002_E9_after,27-002,E9,03/12/18,1137,AF , BF,after,1,1,1,3e+05,0,0,3e+05,0,3e+05,3e+05,0,0,none
29-028_E10_after,29-028,E10,03/16/18,1654,SR,GZ,after,0,2,2,284035,15962,162846,137152,160629,123406,49172,250824,0,freeze
29-028_E10_after,29-028,E10,03/16/18,1654,SR,GZ,after,1,1,1,278044,11564,0,289608,0,278044,82791,206817,0,freeze
29-028_E11_after,29-028,E11,03/16/18,1720,SR,GZ,after,0,30,9,158996,141002,38829,261168,27071,131925,247358,52638,0,jerky swim
29-028_E11_after,29-028,E11,03/16/18,1720,SR,GZ,after,1,26,8,0,3e+05,0,3e+05,0,0,3e+05,0,0,jerky swim
29-028_E6_after,29-028,E6,03/13/18,1604,AP,SR,after,0,8,8,46217,253779,160881,139113,38057,8160,91754,208243,0,other swim
29-028_E6_after,29-028,E6,03/13/18,1604,AP,SR,after,1,7,4,11215,279975,107462,183728,11215,0,152649,138541,0,other swim
29-028_E7_after,29-028,E7,03/13/18,1636,SR,AP,after,0,20,9,183649,116347,26143,273855,1544,182105,161238,138761,0,freeze
29-028_E7_after,29-028,E7,03/13/18,1636,SR,AP,after,1,31,9,99408,200592,22148,277852,0,99408,260111,39889,0,freeze
29-028_E8_after,29-028,E8,03/13/18,1730,AP,SR,after,0,6,6,127843,172155,255995,44001,127843,0,22855,277144,9608,Other Swim
29-028_E8_after,29-028,E8,03/13/18,1730,AP,SR,after,1,2,2,215337,74393,278867,10863,211985,3352,0,289730,0,Other Swim
29-028_E9_after,29-028,E9,03/15/18,1720,AP,GZ,after,0,20,8,138503,158663,164689,135309,129699,8804,60800,236365,0,fast start
29-028_E9_after,29-028,E9,03/15/18,1720,AP,GZ,after,1,1,1,281514,18486,3e+05,0,281514,0,0,3e+05,0,fast start
30-002_E10_after,30-002,E10,03/16/18,1239,AM,KJ,after,0,1,1,289859,9406,298262,0,289859,0,0,298263,0,none
30-002_E10_after,30-002,E10,03/16/18,1239,AM,KJ,after,1,1,1,277123,12957,284486,5594,277123,0,0,290080,0,none
30-002_E11_after,30-002,E11,03/16/18,1520,GZ,SR,after,0,3,3,236824,63173,280917,19081,236824,0,14633,285363,0,Fast start
30-002_E11_after,30-002,E11,03/16/18,1520,GZ,SR,after,1,37,8,19184,276133,26077,269240,0,19184,140947,154370,3270,Fast start
30-002_E12_after,30-002,E12,03/16/18,1553,SR,GZ,after,0,1,1,299997,0,299998,0,299997,0,0,299996,0,freeze
30-002_E12_after,30-002,E12,03/16/18,1553,SR,GZ,after,1,1,1,210154,89846,3e+05,0,210154,0,0,3e+05,0,freeze
30-002_E5_after,30-002,E5,03/15/18,1532,AP,GZ,after,0,3,3,278080,21917,149260,150736,143975,134104,123672,176326,0,freeze
30-002_E5_after,30-002,E5,03/15/18,1532,AP,GZ,after,1,1,1,3e+05,0,3e+05,0,3e+05,0,0,3e+05,0,freeze
30-002_E6_after,30-002,E6,03/15/18,1601,GZ,AP,after,0,17,8,89707,210289,5568,294429,0,89707,164005,135993,0,freeze
30-002_E6_after,30-002,E6,03/15/18,1601,GZ,AP,after,1,11,6,182296,113597,0,295893,0,182296,203300,92593,0,freeze
30-002_E7_after,30-002,E7,03/16/18,1041,AM,KJ,after,0,8,6,190397,109600,104042,195956,101034,89363,159892,140104,70475,none frozen in place
30-002_E7_after,30-002,E7,03/16/18,1041,AM,KJ,after,1,2,2,285141,14859,275694,24306,274063,11078,0,3e+05,25082,none frozen in place
30-002_E8_after,30-002,E8,03/16/18,1108,AM,KJ,after,0,1,1,297886,0,297887,0,297886,0,0,297885,0,none
30-002_E8_after,30-002,E8,03/16/18,1108,AM,KJ,after,1,1,1,296577,0,296577,0,296577,0,0,296577,0,none
30-002_E9_after,30-002,E9,03/16/18,1211,AM,KJ,after,0,1,1,261547,37037,295872,4127,261547,0,0,298192,0,None
30-002_E9_after,30-002,E9,03/16/18,1211,AM,KJ,after,1,1,1,289764,0,289764,0,289764,0,0,289764,0,None
31-082_E1_after,31-082,E1,04/30/18,1514,BF,AF,after,0,5,3,224044,75953,238819,61179,212734,11310,10279,289717,36247,none
31-082_E1_after,31-082,E1,04/30/18,1514,BF,AF,after,1,20,9,80699,219301,38952,261048,36596,44103,0,3e+05,5043,none
31-082_E2_after,31-082,E2,04/30/18,1541,AF,BF,after,0,1,1,176322,123675,238757,61239,138575,37746,52583,247415,0,none
31-082_E2_after,31-082,E2,04/30/18,1541,AF,BF,after,1,1,1,245205,54795,3e+05,0,245205,0,0,3e+05,0,none
31-082_E3_after,31-082,E3,05/01/18,1311,AF , BF,after,0,1,1,293564,6433,222281,77717,221985,71579,76823,223173,0,none
31-082_E3_after,31-082,E3,05/01/18,1311,AF , BF,after,1,9,4,280116,19884,86723,213277,85181,194935,200472,99528,0,none
31-082_E4_after,31-082,E4,05/01/18,1335,AF , BF,after,0,6,6,248458,51539,258645,41353,235713,12745,4435,295561,6229,none
31-082_E4_after,31-082,E4,05/01/18,1335,AF , BF,after,1,1,1,289218,10782,3e+05,0,289218,0,0,3e+05,0,none
31-082_E5_after,31-082,E5,05/03/18,1019,JCK,RZ,after,0,68,8,17929,282069,2398,297599,0,17928,187789,112207,2261,jerky swim / freeze
31-082_E5_after,31-082,E5,05/03/18,1019,JCK,RZ,after,1,79,8,7017,292983,1921,298079,0,7017,229046,70954,437,jerky swim / freeze
31-082_E6_after,31-082,E6,05/03/18,1051,JCK,RZ,after,0,2,2,230030,69875,249075,50922,207402,22628,8491,291507,26363,jerky swim / freeze
31-082_E6_after,31-082,E6,05/03/18,1051,JCK,RZ,after,1,4,3,156024,143976,207888,92112,142121,13903,34099,265901,1996,jerky swim / freeze
31-082_E7_after,31-082,E7,05/03/18,1526,JCK,GZ,after,0,10,7,112142,187854,275664,24334,111573,569,1958,298039,8996,freeze
31-082_E7_after,31-082,E7,05/03/18,1526,JCK,GZ,after,1,26,9,13820,286180,110075,189925,10120,3700,61911,238089,19914,freeze
31-082_E8_after,31-082,E8,05/03/18,1553,JCK,GZ,after,0,11,5,53150,246847,207451,92547,53150,0,34563,265433,3915,other swim / plant
31-082_E8_after,31-082,E8,05/03/18,1553,JCK,GZ,after,1,17,7,35132,264868,84261,215739,0,35132,118284,181716,21528,other swim / plant
32-077_E1_after,32-077,E1,03/22/18,1040,JCK,RZ,after,0,1,1,299996,0,299998,0,299996,0,0,299997,0,none
32-077_E1_after,32-077,E1,03/22/18,1040,JCK,RZ,after,1,3,2,283558,16442,283860,16140,282933,625,0,3e+05,0,none
32-077_E2_after,32-077,E2,03/22/18,1106,JCK,RZ,after,0,1,1,281614,18383,170786,129210,162230,119383,128875,171123,0,jerky swim / freeze
32-077_E2_after,32-077,E2,03/22/18,1106,JCK,RZ,after,1,14,8,203741,96259,220680,79320,195032,8709,27645,272355,9109,jerky swim / freeze
32-077_E3_after,32-077,E3,03/22/18,1456,JCK,RZ,after,0,2,2,284518,15480,169337,130659,166137,118379,123020,176977,0,none
32-077_E3_after,32-077,E3,03/22/18,1456,JCK,RZ,after,1,1,1,3e+05,0,3e+05,0,3e+05,0,0,3e+05,0,none
32-077_E4_after,32-077,E4,03/22/18,1521,JCK,RZ,after,0,1,1,299996,0,299998,0,299996,0,0,299997,0,other swim / freeze
32-077_E4_after,32-077,E4,03/22/18,1521,JCK,RZ,after,1,5,4,196366,103634,280776,19224,191589,4777,0,3e+05,9388,other swim / freeze
32-077_E5_after,32-077,E5,03/23/18,1043,JCK,RZ,after,0,1,1,299817,0,299818,0,299817,0,0,299816,0,none
32-077_E5_after,32-077,E5,03/23/18,1043,JCK,RZ,after,1,1,1,290603,9397,3e+05,0,290603,0,0,3e+05,0,none
32-077_E6_after,32-077,E6,03/23/18,1107,JCK,RZ,after,0,1,1,299997,0,299998,0,299997,0,0,299996,0,none
32-077_E6_after,32-077,E6,03/23/18,1107,JCK,RZ,after,1,1,1,3e+05,0,3e+05,0,3e+05,0,0,3e+05,0,none
32-077_E7_after,32-077,E7,03/23/18,1448,JCK,RZ,after,0,1,1,264060,35937,299998,0,264060,0,0,299996,0,none
32-077_E7_after,32-077,E7,03/23/18,1448,JCK,RZ,after,1,3,3,260550,39450,288926,11074,258019,2531,6161,293839,0,none
32-077_E8_after,32-077,E8,03/23/18,1516,JCK,RZ,after,0,2,2,263732,36264,269362,30636,263732,0,2556,297441,0,none
32-077_E8_after,32-077,E8,03/23/18,1516,JCK,RZ,after,1,5,3,218309,81691,245882,54118,216429,1880,25386,274614,0,none
35-078_E1_after,35-078,E1,03/19/18,1055,JCK,RZ,after,0,26,9,61922,238075,83065,216933,39831,22091,110135,189861,8103,none
35-078_E1_after,35-078,E1,03/19/18,1055,JCK,RZ,after,1,29,8,58868,241132,9036,290964,0,58868,164972,135028,3269,none
35-078_E2_after,35-078,E2,03/19/18,1136,JCK,RZ,after,0,2,2,297359,2638,299077,921,297359,0,0,299996,0,jerky swim / freeze
35-078_E2_after,35-078,E2,03/19/18,1136,JCK,RZ,after,1,1,1,3e+05,0,3e+05,0,3e+05,0,0,3e+05,0,jerky swim / freeze
35-078_E3_after,35-078,E3,03/20/18,952,JCK,RZ,after,0,5,5,241803,58193,41663,258335,24905,216898,33123,266874,0,freeze
35-078_E3_after,35-078,E3,03/20/18,952,JCK,RZ,after,1,6,6,155995,144005,173426,126574,135851,20144,96468,203532,10072,freeze
35-078_E4_after,35-078,E4,03/20/18,1017,JCK,RZ,after,0,1,1,299996,0,0,299997,0,299996,299998,0,0,none
35-078_E4_after,35-078,E4,03/20/18,1017,JCK,RZ,after,1,2,2,249443,50557,185704,114296,173526,75917,105890,194110,0,none
35-078_E5_after,35-078,E5,03/21/18,1017,JCK,JCK,after,0,3,2,178042,121955,201391,98607,163893,14149,75858,224138,0,none
35-078_E5_after,35-078,E5,03/21/18,1017,JCK,JCK,after,1,11,6,67028,232972,88007,211993,30427,36601,109322,190678,0,none
35-078_E6_after,35-078,E6,03/21/18,1043,JCK,RZ,after,0,28,9,71342,228655,108544,191454,59414,11928,21221,278775,6046,jerky swim / freeze
35-078_E6_after,35-078,E6,03/21/18,1043,JCK,RZ,after,1,66,8,11125,288875,625,299375,0,11125,175826,124174,3206,jerky swim / freeze
35-078_E7_after,35-078,E7,03/21/18,1438,JCK,RZ,after,0,1,1,218125,81872,283774,16224,218125,0,4436,295560,0,none
35-078_E7_after,35-078,E7,03/21/18,1438,JCK,RZ,after,1,6,6,118674,181326,221722,78278,104532,14142,45961,254039,23408,none
35-078_E8_after,35-078,E8,03/21/18,1502,JCK,RZ,after,0,63,8,43626,256370,0,299997,0,43626,268981,31017,0,jerkey swim / freeze
35-078_E8_after,35-078,E8,03/21/18,1502,JCK,RZ,after,1,68,6,0,3e+05,0,3e+05,0,0,287344,12656,0,jerkey swim / freeze
37-090_E1_after,37-090,E1,04/09/18,1640,AF,BF,after,0,1,1,293697,6299,299998,0,293697,0,0,299997,0,none
37-090_E1_after,37-090,E1,04/09/18,1640,AF,BF,after,1,1,1,270290,29710,3e+05,0,270290,0,0,3e+05,0,none
37-090_E2_after,37-090,E2,04/10/18,1652,AP,SR,after,0,6,6,244333,55662,279661,20335,244333,0,2358,297639,1312,Freeze
37-090_E2_after,37-090,E2,04/10/18,1652,AP,SR,after,1,1,1,277945,0,277945,0,277945,0,0,277945,0,Freeze
37-090_E3_after,37-090,E3,04/12/18,1643,AP,GZ,after,0,4,4,278527,21469,283507,16491,278527,0,10636,289361,0,freeze
37-090_E3_after,37-090,E3,04/12/18,1643,AP,GZ,after,1,1,1,226665,73335,3e+05,0,226665,0,0,3e+05,0,freeze
37-090_E4_after,37-090,E4,04/12/18,1721,GZ,AP,after,0,1,1,299995,0,0,299997,0,299995,299998,0,0,fast star then freeze
37-090_E4_after,37-090,E4,04/12/18,1721,GZ,AP,after,1,1,1,296808,0,0,296808,0,296808,296808,0,0,fast star then freeze
37-090_E5_after,37-090,E5,04/13/18,1655,GZ,SR,after,0,2,2,113981,186016,250761,49235,113981,0,16363,283635,0,other swim/none
37-090_E5_after,37-090,E5,04/13/18,1655,GZ,SR,after,1,1,1,52117,242136,294253,0,52117,0,0,294253,0,other swim/none
37-090_E6_after,37-090,E6,04/13/18,1732,SR,GZ,after,0,3,2,246872,53126,0,299996,0,246870,299997,0,0,none
37-090_E6_after,37-090,E6,04/13/18,1732,SR,GZ,after,1,2,2,266276,33724,0,3e+05,0,266276,212176,87824,0,none
37-090_E7_after,37-090,E7,04/16/18,1633,AF , BF ,after,0,1,1,299997,0,0,299996,0,299996,299998,0,0,fast start / freeze
37-090_E7_after,37-090,E7,04/16/18,1633,AF , BF ,after,1,8,5,285348,14652,264906,35094,263905,21443,29768,270232,0,fast start / freeze
37-090_E8_after,37-090,E8,04/17/18,1317,BF , AF ,after,0,1,1,299997,0,299998,0,299997,0,0,299996,0,none
37-090_E8_after,37-090,E8,04/17/18,1317,BF , AF ,after,1,1,1,3e+05,0,3e+05,0,3e+05,0,0,3e+05,0,none
37-090_E9_after,37-090,E9,04/17/18,1343,AF , BF ,after,0,2,2,246310,53687,180786,119212,168084,78226,109400,190596,0,none
37-090_E9_after,37-090,E9,04/17/18,1343,AF , BF ,after,1,8,8,269911,30089,13676,286324,12666,257245,278968,21032,0,none
39-093_E1_after,39-093,E1,05/04/18,1011,JCK,RZ,after,0,18,7,22726,277272,21295,278702,1332,21393,78723,221273,9130,freeze
39-093_E1_after,39-093,E1,05/04/18,1011,JCK,RZ,after,1,16,7,4685,295315,97308,202692,1879,2806,48766,251234,59650,freeze
39-093_E2_after,39-093,E2,05/04/18,1041,JCK,RZ,after,0,1,1,239492,60504,299998,0,239492,0,0,299997,0,other swim / freeze
39-093_E2_after,39-093,E2,05/04/18,1041,JCK,RZ,after,1,1,1,273441,26559,3e+05,0,273441,0,0,3e+05,0,other swim / freeze
39-093_E3_after,39-093,E3,05/04/18,1533,GZ,JCK,after,0,17,9,37665,262332,85969,214029,21862,15803,85066,214930,7102,none
39-093_E3_after,39-093,E3,05/04/18,1533,GZ,JCK,after,1,5,2,0,3e+05,110512,189488,0,0,25577,274423,0,none
39-093_E4_after,39-093,E4,05/04/18,1559,JCK,GZ,after,0,4,4,229197,70800,268281,31717,221296,7901,13644,286352,0,none
39-093_E4_after,39-093,E4,05/04/18,1559,JCK,GZ,after,1,4,3,123808,176192,273673,26327,123808,0,17698,282302,0,none
39-093_E5_after,39-093,E5,05/07/18,1023,JCK,RZ,after,0,3,3,178819,121177,121828,178170,85453,93366,127577,172420,5093,
39-093_E5_after,39-093,E5,05/07/18,1023,JCK,RZ,after,1,1,1,294940,5060,0,3e+05,0,294940,3e+05,0,0,
39-093_E6_after,39-093,E6,05/07/18,1051,JCK,RZ,after,0,11,4,82423,217573,14998,284999,0,82423,158322,141676,0,jerky swim / freeze
39-093_E6_after,39-093,E6,05/07/18,1051,JCK,RZ,after,1,26,8,0,3e+05,5364,294636,0,0,128798,171202,2390,jerky swim / freeze
39-093_E7_after,39-093,E7,05/07/18,1420,JCK,RZ,after,0,1,1,226978,73018,169041,130957,139464,87514,129366,170631,0,none
39-093_E7_after,39-093,E7,05/07/18,1420,JCK,RZ,after,1,3,2,170954,129046,26942,273058,15487,155467,239651,60349,0,none
39-093_E8_after,39-093,E8,05/07/18,1446,JCK,RZ,after,0,3,3,202828,97169,288047,11951,202828,0,1289,298707,0,none
39-093_E8_after,39-093,E8,05/07/18,1446,JCK,RZ,after,1,6,5,229386,70614,218683,81317,189431,39955,31305,268695,1082,none
40-091_E1_after,40-091,E1,04/27/18,1156,KJ,AM,after,0,1,1,296986,3013,295394,4604,295394,1592,0,299997,0,None
40-091_E1_after,40-091,E1,04/27/18,1156,KJ,AM,after,1,1,1,290608,0,290608,0,290608,0,0,290608,0,None
40-091_E2_after,40-091,E2,04/27/18,1226,KJ,AM,after,0,5,3,269644,30355,226659,73339,225372,44272,13865,286132,0,None
40-091_E2_after,40-091,E2,04/27/18,1226,KJ,AM,after,1,1,1,293992,0,293992,0,293992,0,0,293992,0,None
40-091_E3_after,40-091,E3,04/27/18,1523,SR,GZ,after,0,6,4,55341,244657,231737,68260,55340,0,36685,263311,0,none
40-091_E3_after,40-091,E3,04/27/18,1523,SR,GZ,after,1,5,2,36156,263407,173361,126202,27444,8712,89887,209676,0,none
40-091_E4_after,40-091,E4,04/27/18,1552,GZ,SR,after,0,3,3,108040,191957,280031,19967,108040,0,0,299996,0,none
40-091_E4_after,40-091,E4,04/27/18,1552,GZ,SR,after,1,5,4,171334,123963,212980,82317,171334,0,74049,221248,0,none
40-091_E5_after,40-091,E5,04/30/18,0923,KJ,JCK,after,0,1,1,299997,0,299998,0,299997,0,0,299996,0,none
40-091_E5_after,40-091,E5,04/30/18,0923,KJ,JCK,after,1,1,1,3e+05,0,3e+05,0,3e+05,0,0,3e+05,0,none
40-091_E6_after,40-091,E6,04/30/18,0946,JCK,KJ,after,0,1,1,284937,12119,297576,0,284937,0,0,0,0,froze
40-091_E6_after,40-091,E6,04/30/18,0946,JCK,KJ,after,1,1,1,297510,0,297510,0,297510,0,0,0,0,froze
40-091_E7_after,40-091,E7,04/30/18,1118,AF,BF,after,0,1,1,299997,0,299996,0,299996,0,0,299998,0,other swim (slow swim into a plant)
40-091_E7_after,40-091,E7,04/30/18,1118,AF,BF,after,1,1,1,3e+05,0,3e+05,0,3e+05,0,0,3e+05,0,other swim (slow swim into a plant)
40-091_E8_after,40-091,E8,04/30/18,1146,AF,BF,after,0,1,1,243036,56960,299998,0,243036,0,0,299997,0,none
40-091_E8_after,40-091,E8,04/30/18,1146,AF,BF,after,1,1,1,230880,60310,291190,0,230880,0,0,291190,0,none
