Tank,Father,Trt,Egg Date,Egg Time,Clutch Size,Upgraded Skim,Week,Day Culled,Fry Count,Num Removed,Mean5 Weight,Mean5 Length,Fry 1 Weight,Fry 1 Length,Fry 2 Weight,Fry 2 Length,Fry 3 Weight,Fry 3 Length,Fry 4 Weight,Fry 4 Length,Fry 5 Weight,Fry 5 Length,Fry 6 Weight,Fry 6 Length,Fry 7 Weight,Fry 7 Length,Fry 8 Weight,Fry 8 Length,Fry 9 Weight,Fry 9 Length,Fry 10 Weight,Fry 10 Length,Mean Weight,Mean Length
18,30,Day 0,6/23/17,PM,0.35,8/15/17,12,9/18/17,55,5,0.1,18.174,0.1,18.02,0.11,19.37,0.07,16.5,0.13,19.32,0.09,17.66,NA,NA,NA,NA,NA,NA,NA,NA,NA,NA,0.1,18.17
18,30,Day 0,6/23/17,PM,0.35,8/15/17,14,9/30/18,50,0,NA,NA,NA,NA,NA,NA,NA,NA,NA,NA,NA,NA,NA,NA,NA,NA,NA,NA,NA,NA,NA,NA,NA,NA
18,30,Day 0,6/23/17,PM,0.35,8/15/17,16,10/19/17,50,5,0.132,19.728,0.18,22.31,0.17,21.44,0.11,19.22,0.12,18.79,0.08,16.88,NA,NA,NA,NA,NA,NA,NA,NA,NA,NA,0.13,19.73
15,28,Day 10,7/2/17,AM,NA,8/15/17,12,9/30/17,45,5,0.114,19.806,0.15,21.61,0.07,16.92,0.11,19.87,0.09,18.91,0.15,21.72,NA,NA,NA,NA,NA,NA,NA,NA,NA,NA,0.11,19.81
15,28,Day 10,7/2/17,AM,NA,8/15/17,14,10/12/17,40,0,NA,NA,NA,NA,NA,NA,NA,NA,NA,NA,NA,NA,NA,NA,NA,NA,NA,NA,NA,NA,NA,NA,NA,NA
15,28,Day 10,7/2/17,AM,NA,8/15/17,16,10/27/17,45,0,NA,NA,NA,NA,NA,NA,NA,NA,NA,NA,NA,NA,NA,NA,NA,NA,NA,NA,NA,NA,NA,NA,NA,NA
14,41,Day 0,7/4/17,AM,0.2,8/15/17,12,10/2/17,50,5,0.12,20.514,0.14,21.57,0.16,23.22,0.11,19.64,0.1,19.25,0.09,18.89,NA,NA,NA,NA,NA,NA,NA,NA,NA,NA,0.12,20.51
14,41,Day 0,7/4/17,AM,0.2,8/15/17,14,10/12/17,45,0,NA,NA,NA,NA,NA,NA,NA,NA,NA,NA,NA,NA,NA,NA,NA,NA,NA,NA,NA,NA,NA,NA,NA,NA
14,41,Day 0,7/4/17,AM,0.2,8/15/17,16,10/30/17,50,5,0.122,21.146,0.16,22.92,0.09,19.51,0.1,20.03,0.15,23.37,0.11,19.9,NA,NA,NA,NA,NA,NA,NA,NA,NA,NA,0.12,21.15
16,42,Day 10,7/8/17,AM,0.23,8/19/17,12,10/2/17,50,5,0.1,18.236,0.08,17.12,0.16,20.77,0.09,17.83,0.09,17.78,0.08,17.68,NA,NA,NA,NA,NA,NA,NA,NA,NA,NA,0.1,18.24
16,42,Day 10,7/8/17,AM,0.23,8/19/17,14,10/14/17,50,0,NA,NA,NA,NA,NA,NA,NA,NA,NA,NA,NA,NA,NA,NA,NA,NA,NA,NA,NA,NA,NA,NA,NA,NA
16,42,Day 10,7/8/17,AM,0.23,8/19/17,16,11/3/17,45,5,0.146,20.718,0.13,20.7,0.15,20.75,0.21,22.91,0.12,19.42,0.12,19.81,NA,NA,NA,NA,NA,NA,NA,NA,NA,NA,0.15,20.72
30,2,Day 0,7/31/17,PM,0.26,9/18/17,12,10/29/17,75,8,0.11,18.742,0.09,17.35,0.11,19.29,0.06,15.78,0.12,19.38,0.17,21.91,0.1,17.75,0.11,17.68,0.08,17.13,NA,NA,NA,NA,0.11,18.28
30,2,Day 0,7/31/17,PM,0.26,9/18/17,14,11/8/17,60,7,0.094,18.258,0.09,17.89,0.09,17.74,0.12,19.57,0.1,18.82,0.07,17.27,0.14,20.47,0.08,16.34,NA,NA,NA,NA,NA,NA,0.1,18.3
30,2,Day 0,7/31/17,PM,0.26,9/18/17,16,11/25/17,60,6,0.136,20.706,0.16,22.37,0.1,19.23,0.14,20.64,0.17,22.31,0.11,18.98,0.09,18.2,NA,NA,NA,NA,NA,NA,NA,NA,0.13,20.29
6,6,Day 10,8/2/17,PM,0.21,9/20/17,12,10/31/17,60,7,0.086,17.66,0.05,15.77,0.09,18.01,0.15,20.71,0.08,17.37,0.06,16.44,0.08,17.86,0.08,17.52,NA,NA,NA,NA,NA,NA,0.08,17.67
6,6,Day 10,8/2/17,PM,0.21,9/20/17,14,11/14/17,60,7,0.112,19.692,0.15,22.14,0.08,18.04,0.07,17.8,0.19,23.42,0.07,17.06,0.16,22.73,0.1,19.29,NA,NA,NA,NA,NA,NA,0.12,20.07
6,6,Day 10,8/2/17,PM,0.21,9/20/17,16,11/26/17,55,6,0.136,20.658,0.11,19.31,0.13,20.11,0.13,20.32,0.16,21.98,0.15,21.57,0.12,19.92,NA,NA,NA,NA,NA,NA,NA,NA,0.13,20.54
23,74,Day 0,8/10/17,PM,0.23,9/28/17,12,11/8/17,75,8,0.098,19.15,0.12,20.81,0.11,19.75,0.13,21.11,0.07,17.68,0.06,16.4,0.11,18.97,0.07,17.12,0.12,20.59,NA,NA,NA,NA,0.1,19.05
23,74,Day 0,8/10/17,PM,0.23,9/28/17,14,11/21/17,70,7,0.134,20.54,0.12,19.94,0.13,21.14,0.2,23.66,0.1,18.84,0.12,19.12,0.15,21,0.09,18.14,NA,NA,NA,NA,NA,NA,0.13,20.26
23,74,Day 0,8/10/17,PM,0.23,9/28/17,16,12/6/18,45,0,NA,NA,NA,NA,NA,NA,NA,NA,NA,NA,NA,NA,NA,NA,NA,NA,NA,NA,NA,NA,NA,NA,NA,NA
13,83,Day 0,8/18/17,AM,0.41,10/9/17,12,11/14/17,80,8,0.07,17.186,0.03,14.08,0.08,17.58,0.07,17.3,0.09,18.51,0.08,18.46,0.09,18.42,0.05,15.34,0.1,19.06,NA,NA,NA,NA,0.07,17.34
13,83,Day 0,8/18/17,AM,0.41,10/9/17,14,11/30/17,75,8,0.1,18.798,0.08,18.24,0.09,17.81,0.12,20.25,0.15,21.15,0.06,16.54,0.12,20.05,0.15,21.51,0.1,19.22,NA,NA,NA,NA,0.11,19.35
13,83,Day 0,8/18/17,AM,0.41,10/9/17,16,12/16/17,80,9,0.196,23.012,0.35,28.25,0.23,25.5,0.13,20.33,0.13,19.67,0.14,21.31,0.15,22.07,0.08,17.82,0.18,22.64,0.08,17.17,NA,NA,0.16,21.64
11,82,Day 0,8/22/17,AM,0.39,10/10/17,12,11/20/17,90,9,0.092,18.76,0.08,17.78,0.07,18.37,0.15,22.4,0.1,19.27,0.06,15.98,0.09,18.54,0.11,20.44,0.09,19.11,0.11,20.49,NA,NA,0.1,19.15
11,82,Day 0,8/22/17,AM,0.39,10/10/17,14,12/4/17,90,10,0.104,18.882,0.07,12.72,0.08,18.46,0.15,23.41,0.11,20.13,0.11,19.69,0.11,19.62,0.17,22.45,0.12,20.57,0.11,20.54,0.12,20.7,0.12,19.83
11,82,Day 0,8/22/17,AM,0.39,10/10/17,16,12/19/17,80,9,0.172,22.834,0.15,21.6,0.15,21.48,0.25,26.27,0.14,21.92,0.17,22.9,"0,12",21.32,0.19,23.53,0.19,23.35,0.18,23.35,NA,NA,0.18,22.86
4,78,Day 0,8/23/17,PM,0.33,10/11/17,12,11/21/17,55,6,0.1,18.152,0.08,16.89,0.11,19.21,0.11,18.46,0.1,17.77,0.1,18.43,0.07,15.95,NA,NA,NA,NA,NA,NA,NA,NA,0.1,17.79
4,78,Day 0,8/23/17,PM,0.33,10/11/17,14,12/5/17,45,0,NA,NA,,NA,NA,NA,NA,NA,NA,NA,NA,NA,NA,NA,NA,NA,NA,NA,NA,NA,NA,NA,NA,NA
4,78,Day 0,8/23/17,PM,0.33,10/11/17,16,12/19/17,50,5,0.192,23.118,0.21,24.07,0.24,25.96,0.15,20.51,0.2,23.06,0.16,21.99,NA,NA,NA,NA,NA,NA,NA,NA,NA,NA,0.19,23.12
5,85,Day 0,8/31/17,PM,0.32,10/19/17,12,11/26/17,55,6,0.13,21.086,0.14,21.82,0.1,19.94,0.14,21.8,0.17,22.79,0.1,19.08,0.11,19.94,NA,NA,NA,NA,NA,NA,NA,NA,0.13,20.9
5,85,Day 0,8/31/17,PM,0.32,10/19/17,14,12/15/17,60,6,0.214,24.152,0.29,27.5,0.3,27.38,0.15,21.47,0.23,25.37,0.1,19.04,0.21,23.78,NA,NA,NA,NA,NA,NA,NA,NA,0.21,24.09
5,85,Day 0,8/31/17,PM,0.32,10/19/17,16,NA,50,0,NA,NA,NA,NA,NA,NA,NA,NA,NA,NA,NA,NA,NA,NA,NA,NA,NA,NA,NA,NA,NA,NA,NA,NA
40,91,Day 0,9/16/17,AM,0.34,11/4/17,12,12/15/17,100,10,0.104,18.942,0.12,20.64,0.11,18.86,0.08,17.07,0.11,19.45,0.1,18.69,0.09,18.23,0.12,20.48,0.09,18.71,0.11,18.61,0.1,18.84,0.1,18.97
40,91,Day 0,9/16/17,AM,0.34,11/4/17,14,NA,95,0,NA,NA,NA,NA,NA,NA,NA,NA,NA,NA,NA,NA,NA,NA,NA,NA,NA,NA,NA,NA,NA,NA,NA,NA
40,91,Day 0,9/16/17,AM,0.34,11/4/17,16,1/13/18,75,10,0.172,22.648,0.12,20.04,0.25,25.82,0.16,21.83,0.15,21.07,0.18,24.48,0.18,24.39,0.14,NA,0.2,NA,0.1,NA,0.1,NA,0.16,22.94
37,90,Day 10,9/17/17,PM,0.33,11/5/17,12,12/16/17,95,10,0.1,17.326,0.09,16.91,0.13,19.5,0.06,14.86,0.07,14.94,0.15,20.42,0.18,21.72,0.14,19.53,0.1,17.45,0.1,17.84,0.1,17.51,0.11,18.07
37,90,Day 10,9/17/17,PM,0.33,11/5/17,14,NA,85,0,NA,NA,NA,NA,NA,NA,NA,NA,NA,NA,NA,NA,NA,NA,NA,NA,NA,NA,NA,NA,NA,NA,NA,NA
37,90,Day 10,9/17/17,PM,0.33,11/5/17,16,1/13/18,90,10,0.192,22.594,0.11,19.23,0.16,21.12,0.15,21.51,0.24,24.88,0.3,26.23,0.07,16.97,0.11,18.48,0.21,23.22,0.14,21.19,0.08,16.59,0.16,20.94
17,95,Day 10,10/7/17,AM,0.29,11/30/17,12,1/5/18,45,0,NA,NA,NA,NA,NA,NA,NA,NA,NA,NA,NA,NA,NA,NA,NA,NA,NA,NA,NA,NA,NA,NA,NA,NA
17,95,Day 10,10/7/17,AM,0.29,11/30/17,14,1/22/18,55,6,0.226,25.482,0.27,27.66,0.25,26.52,0.21,24.08,0.23,25.78,0.17,23.37,0.22,26.02,NA,NA,NA,NA,NA,NA,NA,NA,0.23,25.57
17,95,Day 10,10/7/17,AM,0.29,11/30/17,16,2/2/18,50,5,0.238,25.672,0.31,27.48,0.19,24.05,0.27,28.72,0.31,27.71,0.11,20.4,NA,NA,NA,NA,NA,NA,NA,NA,NA,NA,0.24,25.67
22,95,Day 0,9/29/17,PM,0.19,11/18/17,12,NA,55,0,NA,NA,NA,NA,NA,NA,NA,NA,NA,NA,NA,NA,NA,NA,NA,NA,NA,NA,NA,NA,NA,NA,NA,NA
22,95,Day 0,9/29/17,PM,0.19,11/18/17,14,1/13/18,55,6,0.192,23.978,0.22,24.42,0.19,23.81,0.15,22.68,0.16,23.11,0.24,25.87,0.19,23.43,NA,NA,NA,NA,NA,NA,NA,NA,0.19,23.89
22,95,Day 0,9/29/17,PM,0.19,11/18/17,16,1/25/18,50,6,0.266,26.372,0.27,27.29,0.2,23.63,0.24,24.96,0.27,26.61,0.35,29.37,0.19,23.84,NA,NA,NA,NA,NA,NA,NA,NA,0.25,25.95
31,82,Day 10,10/23/17,PM,0.38,12/16/18,12,1/21/18,60,6,0.12,19.376,0.12,19.82,0.08,17.01,0.07,16.95,0.21,23.61,0.12,19.49,0.06,15.37,NA,NA,NA,NA,NA,NA,NA,NA,0.11,18.71
31,82,Day 10,10/23/17,PM,0.38,12/16/18,14,2/3/18,55,6,0.14,20.494,0.21,23.26,0.1,18.73,0.17,21.81,0.1,19.09,0.12,19.58,0.07,16.16,NA,NA,NA,NA,NA,NA,NA,NA,0.13,19.77
31,82,Day 10,10/23/17,PM,0.38,12/16/18,16,2/19/18,45,0,NA,NA,NA,NA,NA,NA,NA,NA,NA,NA,NA,NA,NA,NA,NA,NA,NA,NA,NA,NA,NA,NA,NA,NA
8,94,Day 0,10/28/17,AM,0.24,12/20/17,12,1/26/18,85,9,0.156,21.516,0.13,19.92,0.17,22.32,0.12,19.6,0.22,24.8,0.14,20.94,0.19,23.94,0.15,21.58,0.16,22.51,0.13,19.95,NA,NA,0.16,21.73
8,94,Day 0,10/28/17,AM,0.24,12/20/17,14,2/12/18,75,8,0.145,22.198,NA,26.39,0.18,22.77,0.06,17.19,0.18,22.2,0.16,22.44,0.14,20.91,0.26,25.73,0.22,24.85,NA,NA,NA,NA,0.17,22.81
8,94,Day 0,10/28/17,AM,0.24,12/20/17,16,2/24/18,65,0,NA,NA,NA,NA,NA,NA,NA,NA,NA,NA,NA,NA,NA,NA,NA,NA,NA,NA,NA,NA,NA,NA,NA,NA
39,93,Day 0,11/2/17,AM,0.2,12/20/17,12,2/2/18,50,5,0.184,23.416,0.34,29.3,0.16,22.61,0.08,17.75,0.18,23.52,0.16,23.9,NA,NA,NA,NA,NA,NA,NA,NA,NA,NA,0.18,23.42
39,93,Day 0,11/2/17,AM,0.2,12/20/17,14,2/15/18,45,0,NA,NA,NA,NA,NA,NA,NA,NA,NA,NA,NA,NA,NA,NA,NA,NA,NA,NA,NA,NA,NA,NA,NA,NA
39,93,Day 0,11/2/17,AM,0.2,12/20/17,16,NA,45,0,NA,NA,NA,NA,NA,NA,NA,NA,NA,NA,NA,NA,NA,NA,NA,NA,NA,NA,NA,NA,NA,NA,NA,NA